Domain Code,Domain,Area Code (M49),Area,Element Code,Element,Item Code (FBS),Item,Year Code,Year,Unit,Value,Flag,Flag Description,Note
"FBS","Food Balances (2010-)","001","World","5511","Production","S2923","Spices","2010","2010","1000 t","8913","E","Estimated value",""
"FBS","Food Balances (2010-)","001","World","5611","Import quantity","S2923","Spices","2010","2010","1000 t","2078","E","Estimated value",""
"FBS","Food Balances (2010-)","001","World","5072","Stock Variation","S2923","Spices","2010","2010","1000 t","-402","E","Estimated value",""
"FBS","Food Balances (2010-)","001","World","5911","Export quantity","S2923","Spices","2010","2010","1000 t","2196","E","Estimated value",""
"FBS","Food Balances (2010-)","001","World","5301","Domestic supply quantity","S2923","Spices","2010","2010","1000 t","9198","E","Estimated value",""
"FBS","Food Balances (2010-)","001","World","5521","Feed","S2923","Spices","2010","2010","1000 t","0","E","Estimated value",""
"FBS","Food Balances (2010-)","001","World","5527","Seed","S2923","Spices","2010","2010","1000 t","0","E","Estimated value",""
"FBS","Food Balances (2010-)","001","World","5123","Losses","S2923","Spices","2010","2010","1000 t","470","E","Estimated value",""
"FBS","Food Balances (2010-)","001","World","5154","Other uses (non-food)","S2923","Spices","2010","2010","1000 t","261","E","Estimated value",""
"FBS","Food Balances (2010-)","001","World","5171","Tourist consumption","S2923","Spices","2010","2010","1000 t","40","E","Estimated value",""
"FBS","Food Balances (2010-)","001","World","5170","Residuals","S2923","Spices","2010","2010","1000 t","-75","E","Estimated value",""
"FBS","Food Balances (2010-)","001","World","5142","Food","S2923","Spices","2010","2010","1000 t","8502","E","Estimated value",""
"FBS","Food Balances (2010-)","001","World","645","Food supply quantity (kg/capita/yr)","S2923","Spices","2010","2010","kg/cap","1.23","E","Estimated value",""
"FBS","Food Balances (2010-)","001","World","664","Food supply (kcal/capita/day)","S2923","Spices","2010","2010","kcal/cap/d","10","E","Estimated value",""
"FBS","Food Balances (2010-)","001","World","661","Food supply (kcal)","S2923","Spices","2010","2010","million Kcal","24392590.52","E","Estimated value",""
"FBS","Food Balances (2010-)","001","World","674","Protein supply quantity (g/capita/day)","S2923","Spices","2010","2010","g/cap/d","0.36","E","Estimated value",""
"FBS","Food Balances (2010-)","001","World","671","Protein supply quantity (t)","S2923","Spices","2010","2010","t","911938.09","E","Estimated value",""
"FBS","Food Balances (2010-)","001","World","684","Fat supply quantity (g/capita/day)","S2923","Spices","2010","2010","g/cap/d","0.3","E","Estimated value",""
"FBS","Food Balances (2010-)","001","World","681","Fat supply quantity (t)","S2923","Spices","2010","2010","t","751363.18","E","Estimated value",""
"FBS","Food Balances (2010-)","001","World","5511","Production","S2923","Spices","2011","2011","1000 t","10121","E","Estimated value",""
"FBS","Food Balances (2010-)","001","World","5611","Import quantity","S2923","Spices","2011","2011","1000 t","2281","E","Estimated value",""
"FBS","Food Balances (2010-)","001","World","5072","Stock Variation","S2923","Spices","2011","2011","1000 t","179","E","Estimated value",""
"FBS","Food Balances (2010-)","001","World","5911","Export quantity","S2923","Spices","2011","2011","1000 t","2365","E","Estimated value",""
"FBS","Food Balances (2010-)","001","World","5301","Domestic supply quantity","S2923","Spices","2011","2011","1000 t","9858","E","Estimated value",""
"FBS","Food Balances (2010-)","001","World","5521","Feed","S2923","Spices","2011","2011","1000 t","0","E","Estimated value",""
"FBS","Food Balances (2010-)","001","World","5527","Seed","S2923","Spices","2011","2011","1000 t","0","E","Estimated value",""
"FBS","Food Balances (2010-)","001","World","5123","Losses","S2923","Spices","2011","2011","1000 t","526","E","Estimated value",""
"FBS","Food Balances (2010-)","001","World","5154","Other uses (non-food)","S2923","Spices","2011","2011","1000 t","282","E","Estimated value",""
"FBS","Food Balances (2010-)","001","World","5171","Tourist consumption","S2923","Spices","2011","2011","1000 t","60","E","Estimated value",""
"FBS","Food Balances (2010-)","001","World","5170","Residuals","S2923","Spices","2011","2011","1000 t","-71","E","Estimated value",""
"FBS","Food Balances (2010-)","001","World","5142","Food","S2923","Spices","2011","2011","1000 t","9061","E","Estimated value",""
"FBS","Food Balances (2010-)","001","World","645","Food supply quantity (kg/capita/yr)","S2923","Spices","2011","2011","kg/cap","1.29","E","Estimated value",""
"FBS","Food Balances (2010-)","001","World","664","Food supply (kcal/capita/day)","S2923","Spices","2011","2011","kcal/cap/d","10","E","Estimated value",""
"FBS","Food Balances (2010-)","001","World","661","Food supply (kcal)","S2923","Spices","2011","2011","million Kcal","25586515.91","E","Estimated value",""
"FBS","Food Balances (2010-)","001","World","674","Protein supply quantity (g/capita/day)","S2923","Spices","2011","2011","g/cap/d","0.37","E","Estimated value",""
"FBS","Food Balances (2010-)","001","World","671","Protein supply quantity (t)","S2923","Spices","2011","2011","t","949165.64","E","Estimated value",""
"FBS","Food Balances (2010-)","001","World","684","Fat supply quantity (g/capita/day)","S2923","Spices","2011","2011","g/cap/d","0.3","E","Estimated value",""
"FBS","Food Balances (2010-)","001","World","681","Fat supply quantity (t)","S2923","Spices","2011","2011","t","776327.84","E","Estimated value",""
"FBS","Food Balances (2010-)","001","World","5511","Production","S2923","Spices","2012","2012","1000 t","10248","E","Estimated value",""
"FBS","Food Balances (2010-)","001","World","5611","Import quantity","S2923","Spices","2012","2012","1000 t","2446","E","Estimated value",""
"FBS","Food Balances (2010-)","001","World","5072","Stock Variation","S2923","Spices","2012","2012","1000 t","108","E","Estimated value",""
"FBS","Food Balances (2010-)","001","World","5911","Export quantity","S2923","Spices","2012","2012","1000 t","2645","E","Estimated value",""
"FBS","Food Balances (2010-)","001","World","5301","Domestic supply quantity","S2923","Spices","2012","2012","1000 t","9940","E","Estimated value",""
"FBS","Food Balances (2010-)","001","World","5521","Feed","S2923","Spices","2012","2012","1000 t","0","E","Estimated value",""
"FBS","Food Balances (2010-)","001","World","5527","Seed","S2923","Spices","2012","2012","1000 t","0","E","Estimated value",""
"FBS","Food Balances (2010-)","001","World","5123","Losses","S2923","Spices","2012","2012","1000 t","548","E","Estimated value",""
"FBS","Food Balances (2010-)","001","World","5154","Other uses (non-food)","S2923","Spices","2012","2012","1000 t","306","E","Estimated value",""
"FBS","Food Balances (2010-)","001","World","5171","Tourist consumption","S2923","Spices","2012","2012","1000 t","60","E","Estimated value",""
"FBS","Food Balances (2010-)","001","World","5170","Residuals","S2923","Spices","2012","2012","1000 t","-61","E","Estimated value",""
"FBS","Food Balances (2010-)","001","World","5142","Food","S2923","Spices","2012","2012","1000 t","9088","E","Estimated value",""
"FBS","Food Balances (2010-)","001","World","645","Food supply quantity (kg/capita/yr)","S2923","Spices","2012","2012","kg/cap","1.28","E","Estimated value",""
"FBS","Food Balances (2010-)","001","World","664","Food supply (kcal/capita/day)","S2923","Spices","2012","2012","kcal/cap/d","10","E","Estimated value",""
"FBS","Food Balances (2010-)","001","World","661","Food supply (kcal)","S2923","Spices","2012","2012","million Kcal","25731307.37","E","Estimated value",""
"FBS","Food Balances (2010-)","001","World","674","Protein supply quantity (g/capita/day)","S2923","Spices","2012","2012","g/cap/d","0.37","E","Estimated value",""
"FBS","Food Balances (2010-)","001","World","671","Protein supply quantity (t)","S2923","Spices","2012","2012","t","957009.44","E","Estimated value",""
"FBS","Food Balances (2010-)","001","World","684","Fat supply quantity (g/capita/day)","S2923","Spices","2012","2012","g/cap/d","0.3","E","Estimated value",""
"FBS","Food Balances (2010-)","001","World","681","Fat supply quantity (t)","S2923","Spices","2012","2012","t","789394.96","E","Estimated value",""
"FBS","Food Balances (2010-)","001","World","5511","Production","S2923","Spices","2013","2013","1000 t","10627","E","Estimated value",""
"FBS","Food Balances (2010-)","001","World","5611","Import quantity","S2923","Spices","2013","2013","1000 t","2499","E","Estimated value",""
"FBS","Food Balances (2010-)","001","World","5072","Stock Variation","S2923","Spices","2013","2013","1000 t","139","E","Estimated value",""
"FBS","Food Balances (2010-)","001","World","5911","Export quantity","S2923","Spices","2013","2013","1000 t","2687","E","Estimated value",""
"FBS","Food Balances (2010-)","001","World","5301","Domestic supply quantity","S2923","Spices","2013","2013","1000 t","10301","E","Estimated value",""
"FBS","Food Balances (2010-)","001","World","5521","Feed","S2923","Spices","2013","2013","1000 t","0","E","Estimated value",""
"FBS","Food Balances (2010-)","001","World","5527","Seed","S2923","Spices","2013","2013","1000 t","0","E","Estimated value",""
"FBS","Food Balances (2010-)","001","World","5123","Losses","S2923","Spices","2013","2013","1000 t","571","E","Estimated value",""
"FBS","Food Balances (2010-)","001","World","5154","Other uses (non-food)","S2923","Spices","2013","2013","1000 t","307","E","Estimated value",""
"FBS","Food Balances (2010-)","001","World","5171","Tourist consumption","S2923","Spices","2013","2013","1000 t","64","E","Estimated value",""
"FBS","Food Balances (2010-)","001","World","5170","Residuals","S2923","Spices","2013","2013","1000 t","-102","E","Estimated value",""
"FBS","Food Balances (2010-)","001","World","5142","Food","S2923","Spices","2013","2013","1000 t","9460","E","Estimated value",""
"FBS","Food Balances (2010-)","001","World","645","Food supply quantity (kg/capita/yr)","S2923","Spices","2013","2013","kg/cap","1.31","E","Estimated value",""
"FBS","Food Balances (2010-)","001","World","664","Food supply (kcal/capita/day)","S2923","Spices","2013","2013","kcal/cap/d","10","E","Estimated value",""
"FBS","Food Balances (2010-)","001","World","661","Food supply (kcal)","S2923","Spices","2013","2013","million Kcal","26760032.45","E","Estimated value",""
"FBS","Food Balances (2010-)","001","World","674","Protein supply quantity (g/capita/day)","S2923","Spices","2013","2013","g/cap/d","0.38","E","Estimated value",""
"FBS","Food Balances (2010-)","001","World","671","Protein supply quantity (t)","S2923","Spices","2013","2013","t","994228.93","E","Estimated value",""
"FBS","Food Balances (2010-)","001","World","684","Fat supply quantity (g/capita/day)","S2923","Spices","2013","2013","g/cap/d","0.31","E","Estimated value",""
"FBS","Food Balances (2010-)","001","World","681","Fat supply quantity (t)","S2923","Spices","2013","2013","t","818913.89","E","Estimated value",""
"FBS","Food Balances (2010-)","001","World","5511","Production","S2923","Spices","2014","2014","1000 t","10748","E","Estimated value",""
"FBS","Food Balances (2010-)","001","World","5611","Import quantity","S2923","Spices","2014","2014","1000 t","2548","E","Estimated value",""
"FBS","Food Balances (2010-)","001","World","5072","Stock Variation","S2923","Spices","2014","2014","1000 t","530","E","Estimated value",""
"FBS","Food Balances (2010-)","001","World","5911","Export quantity","S2923","Spices","2014","2014","1000 t","2718","E","Estimated value",""
"FBS","Food Balances (2010-)","001","World","5301","Domestic supply quantity","S2923","Spices","2014","2014","1000 t","10049","E","Estimated value",""
"FBS","Food Balances (2010-)","001","World","5521","Feed","S2923","Spices","2014","2014","1000 t","0","E","Estimated value",""
"FBS","Food Balances (2010-)","001","World","5527","Seed","S2923","Spices","2014","2014","1000 t","0","E","Estimated value",""
"FBS","Food Balances (2010-)","001","World","5123","Losses","S2923","Spices","2014","2014","1000 t","572","E","Estimated value",""
"FBS","Food Balances (2010-)","001","World","5154","Other uses (non-food)","S2923","Spices","2014","2014","1000 t","344","E","Estimated value",""
"FBS","Food Balances (2010-)","001","World","5171","Tourist consumption","S2923","Spices","2014","2014","1000 t","49","E","Estimated value",""
"FBS","Food Balances (2010-)","001","World","5170","Residuals","S2923","Spices","2014","2014","1000 t","-73","E","Estimated value",""
"FBS","Food Balances (2010-)","001","World","5142","Food","S2923","Spices","2014","2014","1000 t","9157","E","Estimated value",""
"FBS","Food Balances (2010-)","001","World","645","Food supply quantity (kg/capita/yr)","S2923","Spices","2014","2014","kg/cap","1.25","E","Estimated value",""
"FBS","Food Balances (2010-)","001","World","664","Food supply (kcal/capita/day)","S2923","Spices","2014","2014","kcal/cap/d","10","E","Estimated value",""
"FBS","Food Balances (2010-)","001","World","661","Food supply (kcal)","S2923","Spices","2014","2014","million Kcal","26367272.52","E","Estimated value",""
"FBS","Food Balances (2010-)","001","World","674","Protein supply quantity (g/capita/day)","S2923","Spices","2014","2014","g/cap/d","0.37","E","Estimated value",""
"FBS","Food Balances (2010-)","001","World","671","Protein supply quantity (t)","S2923","Spices","2014","2014","t","988012.82","E","Estimated value",""
"FBS","Food Balances (2010-)","001","World","684","Fat supply quantity (g/capita/day)","S2923","Spices","2014","2014","g/cap/d","0.3","E","Estimated value",""
"FBS","Food Balances (2010-)","001","World","681","Fat supply quantity (t)","S2923","Spices","2014","2014","t","807168.3","E","Estimated value",""
"FBS","Food Balances (2010-)","001","World","5511","Production","S2923","Spices","2015","2015","1000 t","11402","E","Estimated value",""
"FBS","Food Balances (2010-)","001","World","5611","Import quantity","S2923","Spices","2015","2015","1000 t","2827","E","Estimated value",""
"FBS","Food Balances (2010-)","001","World","5072","Stock Variation","S2923","Spices","2015","2015","1000 t","1127","E","Estimated value",""
"FBS","Food Balances (2010-)","001","World","5911","Export quantity","S2923","Spices","2015","2015","1000 t","2926","E","Estimated value",""
"FBS","Food Balances (2010-)","001","World","5301","Domestic supply quantity","S2923","Spices","2015","2015","1000 t","10177","E","Estimated value",""
"FBS","Food Balances (2010-)","001","World","5521","Feed","S2923","Spices","2015","2015","1000 t","0","E","Estimated value",""
"FBS","Food Balances (2010-)","001","World","5527","Seed","S2923","Spices","2015","2015","1000 t","0","E","Estimated value",""
"FBS","Food Balances (2010-)","001","World","5123","Losses","S2923","Spices","2015","2015","1000 t","627","E","Estimated value",""
"FBS","Food Balances (2010-)","001","World","5154","Other uses (non-food)","S2923","Spices","2015","2015","1000 t","352","E","Estimated value",""
"FBS","Food Balances (2010-)","001","World","5171","Tourist consumption","S2923","Spices","2015","2015","1000 t","49","E","Estimated value",""
"FBS","Food Balances (2010-)","001","World","5170","Residuals","S2923","Spices","2015","2015","1000 t","-99","E","Estimated value",""
"FBS","Food Balances (2010-)","001","World","5142","Food","S2923","Spices","2015","2015","1000 t","9248","E","Estimated value",""
"FBS","Food Balances (2010-)","001","World","645","Food supply quantity (kg/capita/yr)","S2923","Spices","2015","2015","kg/cap","1.25","E","Estimated value",""
"FBS","Food Balances (2010-)","001","World","664","Food supply (kcal/capita/day)","S2923","Spices","2015","2015","kcal/cap/d","10","E","Estimated value",""
"FBS","Food Balances (2010-)","001","World","661","Food supply (kcal)","S2923","Spices","2015","2015","million Kcal","26420275.82","E","Estimated value",""
"FBS","Food Balances (2010-)","001","World","674","Protein supply quantity (g/capita/day)","S2923","Spices","2015","2015","g/cap/d","0.37","E","Estimated value",""
"FBS","Food Balances (2010-)","001","World","671","Protein supply quantity (t)","S2923","Spices","2015","2015","t","989112.49","E","Estimated value",""
"FBS","Food Balances (2010-)","001","World","684","Fat supply quantity (g/capita/day)","S2923","Spices","2015","2015","g/cap/d","0.3","E","Estimated value",""
"FBS","Food Balances (2010-)","001","World","681","Fat supply quantity (t)","S2923","Spices","2015","2015","t","810506.24","E","Estimated value",""
"FBS","Food Balances (2010-)","001","World","5511","Production","S2923","Spices","2016","2016","1000 t","12789","E","Estimated value",""
"FBS","Food Balances (2010-)","001","World","5611","Import quantity","S2923","Spices","2016","2016","1000 t","2990","E","Estimated value",""
"FBS","Food Balances (2010-)","001","World","5072","Stock Variation","S2923","Spices","2016","2016","1000 t","1666","E","Estimated value",""
"FBS","Food Balances (2010-)","001","World","5911","Export quantity","S2923","Spices","2016","2016","1000 t","3166","E","Estimated value",""
"FBS","Food Balances (2010-)","001","World","5301","Domestic supply quantity","S2923","Spices","2016","2016","1000 t","10947","E","Estimated value",""
"FBS","Food Balances (2010-)","001","World","5527","Seed","S2923","Spices","2016","2016","1000 t","0","E","Estimated value",""
"FBS","Food Balances (2010-)","001","World","5123","Losses","S2923","Spices","2016","2016","1000 t","714","E","Estimated value",""
"FBS","Food Balances (2010-)","001","World","5154","Other uses (non-food)","S2923","Spices","2016","2016","1000 t","407","E","Estimated value",""
"FBS","Food Balances (2010-)","001","World","5171","Tourist consumption","S2923","Spices","2016","2016","1000 t","54","E","Estimated value",""
"FBS","Food Balances (2010-)","001","World","5170","Residuals","S2923","Spices","2016","2016","1000 t","-95","E","Estimated value",""
"FBS","Food Balances (2010-)","001","World","5142","Food","S2923","Spices","2016","2016","1000 t","9867","E","Estimated value",""
"FBS","Food Balances (2010-)","001","World","645","Food supply quantity (kg/capita/yr)","S2923","Spices","2016","2016","kg/cap","1.32","E","Estimated value",""
"FBS","Food Balances (2010-)","001","World","664","Food supply (kcal/capita/day)","S2923","Spices","2016","2016","kcal/cap/d","10","E","Estimated value",""
"FBS","Food Balances (2010-)","001","World","661","Food supply (kcal)","S2923","Spices","2016","2016","million Kcal","28040428.78","E","Estimated value",""
"FBS","Food Balances (2010-)","001","World","674","Protein supply quantity (g/capita/day)","S2923","Spices","2016","2016","g/cap/d","0.38","E","Estimated value",""
"FBS","Food Balances (2010-)","001","World","671","Protein supply quantity (t)","S2923","Spices","2016","2016","t","1045098.95","E","Estimated value",""
"FBS","Food Balances (2010-)","001","World","684","Fat supply quantity (g/capita/day)","S2923","Spices","2016","2016","g/cap/d","0.31","E","Estimated value",""
"FBS","Food Balances (2010-)","001","World","681","Fat supply quantity (t)","S2923","Spices","2016","2016","t","853302.66","E","Estimated value",""
"FBS","Food Balances (2010-)","001","World","5511","Production","S2923","Spices","2017","2017","1000 t","14355","E","Estimated value",""
"FBS","Food Balances (2010-)","001","World","5611","Import quantity","S2923","Spices","2017","2017","1000 t","3080","E","Estimated value",""
"FBS","Food Balances (2010-)","001","World","5072","Stock Variation","S2923","Spices","2017","2017","1000 t","2141","E","Estimated value",""
"FBS","Food Balances (2010-)","001","World","5911","Export quantity","S2923","Spices","2017","2017","1000 t","3459","E","Estimated value",""
"FBS","Food Balances (2010-)","001","World","5301","Domestic supply quantity","S2923","Spices","2017","2017","1000 t","11835","E","Estimated value",""
"FBS","Food Balances (2010-)","001","World","5521","Feed","S2923","Spices","2017","2017","1000 t","0","E","Estimated value",""
"FBS","Food Balances (2010-)","001","World","5527","Seed","S2923","Spices","2017","2017","1000 t","0","E","Estimated value",""
"FBS","Food Balances (2010-)","001","World","5123","Losses","S2923","Spices","2017","2017","1000 t","757","E","Estimated value",""
"FBS","Food Balances (2010-)","001","World","5154","Other uses (non-food)","S2923","Spices","2017","2017","1000 t","410","E","Estimated value",""
"FBS","Food Balances (2010-)","001","World","5171","Tourist consumption","S2923","Spices","2017","2017","1000 t","61","E","Estimated value",""
"FBS","Food Balances (2010-)","001","World","5170","Residuals","S2923","Spices","2017","2017","1000 t","-105","E","Estimated value",""
"FBS","Food Balances (2010-)","001","World","5142","Food","S2923","Spices","2017","2017","1000 t","10713","E","Estimated value",""
"FBS","Food Balances (2010-)","001","World","645","Food supply quantity (kg/capita/yr)","S2923","Spices","2017","2017","kg/cap","1.42","E","Estimated value",""
"FBS","Food Balances (2010-)","001","World","664","Food supply (kcal/capita/day)","S2923","Spices","2017","2017","kcal/cap/d","11","E","Estimated value",""
"FBS","Food Balances (2010-)","001","World","661","Food supply (kcal)","S2923","Spices","2017","2017","million Kcal","30935458.62","E","Estimated value",""
"FBS","Food Balances (2010-)","001","World","674","Protein supply quantity (g/capita/day)","S2923","Spices","2017","2017","g/cap/d","0.42","E","Estimated value",""
"FBS","Food Balances (2010-)","001","World","671","Protein supply quantity (t)","S2923","Spices","2017","2017","t","1165246.67","E","Estimated value",""
"FBS","Food Balances (2010-)","001","World","684","Fat supply quantity (g/capita/day)","S2923","Spices","2017","2017","g/cap/d","0.35","E","Estimated value",""
"FBS","Food Balances (2010-)","001","World","681","Fat supply quantity (t)","S2923","Spices","2017","2017","t","968397.36","E","Estimated value",""
"FBS","Food Balances (2010-)","001","World","5511","Production","S2923","Spices","2018","2018","1000 t","14940","E","Estimated value",""
"FBS","Food Balances (2010-)","001","World","5611","Import quantity","S2923","Spices","2018","2018","1000 t","3196","E","Estimated value",""
"FBS","Food Balances (2010-)","001","World","5072","Stock Variation","S2923","Spices","2018","2018","1000 t","2272","E","Estimated value",""
"FBS","Food Balances (2010-)","001","World","5911","Export quantity","S2923","Spices","2018","2018","1000 t","3389","E","Estimated value",""
"FBS","Food Balances (2010-)","001","World","5301","Domestic supply quantity","S2923","Spices","2018","2018","1000 t","12475","E","Estimated value",""
"FBS","Food Balances (2010-)","001","World","5521","Feed","S2923","Spices","2018","2018","1000 t","0","E","Estimated value",""
"FBS","Food Balances (2010-)","001","World","5527","Seed","S2923","Spices","2018","2018","1000 t","0","E","Estimated value",""
"FBS","Food Balances (2010-)","001","World","5123","Losses","S2923","Spices","2018","2018","1000 t","793","E","Estimated value",""
"FBS","Food Balances (2010-)","001","World","5154","Other uses (non-food)","S2923","Spices","2018","2018","1000 t","429","E","Estimated value",""
"FBS","Food Balances (2010-)","001","World","5171","Tourist consumption","S2923","Spices","2018","2018","1000 t","40","E","Estimated value",""
"FBS","Food Balances (2010-)","001","World","5170","Residuals","S2923","Spices","2018","2018","1000 t","-143","E","Estimated value",""
"FBS","Food Balances (2010-)","001","World","5142","Food","S2923","Spices","2018","2018","1000 t","11356","E","Estimated value",""
"FBS","Food Balances (2010-)","001","World","645","Food supply quantity (kg/capita/yr)","S2923","Spices","2018","2018","kg/cap","1.49","E","Estimated value",""
"FBS","Food Balances (2010-)","001","World","664","Food supply (kcal/capita/day)","S2923","Spices","2018","2018","kcal/cap/d","12","E","Estimated value",""
"FBS","Food Balances (2010-)","001","World","661","Food supply (kcal)","S2923","Spices","2018","2018","million Kcal","32133902.92","E","Estimated value",""
"FBS","Food Balances (2010-)","001","World","674","Protein supply quantity (g/capita/day)","S2923","Spices","2018","2018","g/cap/d","0.43","E","Estimated value",""
"FBS","Food Balances (2010-)","001","World","671","Protein supply quantity (t)","S2923","Spices","2018","2018","t","1198279.5","E","Estimated value",""
"FBS","Food Balances (2010-)","001","World","684","Fat supply quantity (g/capita/day)","S2923","Spices","2018","2018","g/cap/d","0.35","E","Estimated value",""
"FBS","Food Balances (2010-)","001","World","681","Fat supply quantity (t)","S2923","Spices","2018","2018","t","987359.4","E","Estimated value",""
"FBS","Food Balances (2010-)","001","World","5511","Production","S2923","Spices","2019","2019","1000 t","14431","E","Estimated value",""
"FBS","Food Balances (2010-)","001","World","5611","Import quantity","S2923","Spices","2019","2019","1000 t","3680","E","Estimated value",""
"FBS","Food Balances (2010-)","001","World","5072","Stock Variation","S2923","Spices","2019","2019","1000 t","1011","E","Estimated value",""
"FBS","Food Balances (2010-)","001","World","5911","Export quantity","S2923","Spices","2019","2019","1000 t","3885","E","Estimated value",""
"FBS","Food Balances (2010-)","001","World","5301","Domestic supply quantity","S2923","Spices","2019","2019","1000 t","13215","E","Estimated value",""
"FBS","Food Balances (2010-)","001","World","5521","Feed","S2923","Spices","2019","2019","1000 t","0","E","Estimated value",""
"FBS","Food Balances (2010-)","001","World","5527","Seed","S2923","Spices","2019","2019","1000 t","0","E","Estimated value",""
"FBS","Food Balances (2010-)","001","World","5123","Losses","S2923","Spices","2019","2019","1000 t","782","E","Estimated value",""
"FBS","Food Balances (2010-)","001","World","5154","Other uses (non-food)","S2923","Spices","2019","2019","1000 t","297","E","Estimated value",""
"FBS","Food Balances (2010-)","001","World","5171","Tourist consumption","S2923","Spices","2019","2019","1000 t","44","E","Estimated value",""
"FBS","Food Balances (2010-)","001","World","5170","Residuals","S2923","Spices","2019","2019","1000 t","-143","E","Estimated value",""
"FBS","Food Balances (2010-)","001","World","5142","Food","S2923","Spices","2019","2019","1000 t","12236","E","Estimated value",""
"FBS","Food Balances (2010-)","001","World","645","Food supply quantity (kg/capita/yr)","S2923","Spices","2019","2019","kg/cap","1.58","E","Estimated value",""
"FBS","Food Balances (2010-)","001","World","664","Food supply (kcal/capita/day)","S2923","Spices","2019","2019","kcal/cap/d","12","E","Estimated value",""
"FBS","Food Balances (2010-)","001","World","661","Food supply (kcal)","S2923","Spices","2019","2019","million Kcal","34461058.32","E","Estimated value",""
"FBS","Food Balances (2010-)","001","World","674","Protein supply quantity (g/capita/day)","S2923","Spices","2019","2019","g/cap/d","0.45","E","Estimated value",""
"FBS","Food Balances (2010-)","001","World","671","Protein supply quantity (t)","S2923","Spices","2019","2019","t","1280949.25","E","Estimated value",""
"FBS","Food Balances (2010-)","001","World","684","Fat supply quantity (g/capita/day)","S2923","Spices","2019","2019","g/cap/d","0.38","E","Estimated value",""
"FBS","Food Balances (2010-)","001","World","681","Fat supply quantity (t)","S2923","Spices","2019","2019","t","1072432.24","E","Estimated value",""
"FBS","Food Balances (2010-)","001","World","5511","Production","S2923","Spices","2020","2020","1000 t","15721","E","Estimated value",""
"FBS","Food Balances (2010-)","001","World","5611","Import quantity","S2923","Spices","2020","2020","1000 t","4195","E","Estimated value",""
"FBS","Food Balances (2010-)","001","World","5072","Stock Variation","S2923","Spices","2020","2020","1000 t","1712","E","Estimated value",""
"FBS","Food Balances (2010-)","001","World","5911","Export quantity","S2923","Spices","2020","2020","1000 t","4443","E","Estimated value",""
"FBS","Food Balances (2010-)","001","World","5301","Domestic supply quantity","S2923","Spices","2020","2020","1000 t","13760","E","Estimated value",""
"FBS","Food Balances (2010-)","001","World","5521","Feed","S2923","Spices","2020","2020","1000 t","0","E","Estimated value",""
"FBS","Food Balances (2010-)","001","World","5527","Seed","S2923","Spices","2020","2020","1000 t","0","E","Estimated value",""
"FBS","Food Balances (2010-)","001","World","5123","Losses","S2923","Spices","2020","2020","1000 t","830","E","Estimated value",""
"FBS","Food Balances (2010-)","001","World","5154","Other uses (non-food)","S2923","Spices","2020","2020","1000 t","283","E","Estimated value",""
"FBS","Food Balances (2010-)","001","World","5171","Tourist consumption","S2923","Spices","2020","2020","1000 t","0","E","Estimated value",""
"FBS","Food Balances (2010-)","001","World","5170","Residuals","S2923","Spices","2020","2020","1000 t","-239","E","Estimated value",""
"FBS","Food Balances (2010-)","001","World","5142","Food","S2923","Spices","2020","2020","1000 t","12886","E","Estimated value",""
"FBS","Food Balances (2010-)","001","World","645","Food supply quantity (kg/capita/yr)","S2923","Spices","2020","2020","kg/cap","1.65","E","Estimated value",""
"FBS","Food Balances (2010-)","001","World","664","Food supply (kcal/capita/day)","S2923","Spices","2020","2020","kcal/cap/d","13","E","Estimated value",""
"FBS","Food Balances (2010-)","001","World","661","Food supply (kcal)","S2923","Spices","2020","2020","million Kcal","36281305.48","E","Estimated value",""
"FBS","Food Balances (2010-)","001","World","674","Protein supply quantity (g/capita/day)","S2923","Spices","2020","2020","g/cap/d","0.47","E","Estimated value",""
"FBS","Food Balances (2010-)","001","World","671","Protein supply quantity (t)","S2923","Spices","2020","2020","t","1348341.94","E","Estimated value",""
"FBS","Food Balances (2010-)","001","World","684","Fat supply quantity (g/capita/day)","S2923","Spices","2020","2020","g/cap/d","0.4","E","Estimated value",""
"FBS","Food Balances (2010-)","001","World","681","Fat supply quantity (t)","S2923","Spices","2020","2020","t","1130018.21","E","Estimated value",""
"FBS","Food Balances (2010-)","001","World","5511","Production","S2923","Spices","2021","2021","1000 t","17082","E","Estimated value",""
"FBS","Food Balances (2010-)","001","World","5611","Import quantity","S2923","Spices","2021","2021","1000 t","4348","E","Estimated value",""
"FBS","Food Balances (2010-)","001","World","5072","Stock Variation","S2923","Spices","2021","2021","1000 t","1670","E","Estimated value",""
"FBS","Food Balances (2010-)","001","World","5911","Export quantity","S2923","Spices","2021","2021","1000 t","4537","E","Estimated value",""
"FBS","Food Balances (2010-)","001","World","5301","Domestic supply quantity","S2923","Spices","2021","2021","1000 t","15222","E","Estimated value",""
"FBS","Food Balances (2010-)","001","World","5521","Feed","S2923","Spices","2021","2021","1000 t","0","E","Estimated value",""
"FBS","Food Balances (2010-)","001","World","5527","Seed","S2923","Spices","2021","2021","1000 t","0","E","Estimated value",""
"FBS","Food Balances (2010-)","001","World","5123","Losses","S2923","Spices","2021","2021","1000 t","913","E","Estimated value",""
"FBS","Food Balances (2010-)","001","World","5154","Other uses (non-food)","S2923","Spices","2021","2021","1000 t","297","E","Estimated value",""
"FBS","Food Balances (2010-)","001","World","5171","Tourist consumption","S2923","Spices","2021","2021","1000 t","0","E","Estimated value",""
"FBS","Food Balances (2010-)","001","World","5170","Residuals","S2923","Spices","2021","2021","1000 t","-188","E","Estimated value",""
"FBS","Food Balances (2010-)","001","World","5142","Food","S2923","Spices","2021","2021","1000 t","14200","E","Estimated value",""
"FBS","Food Balances (2010-)","001","World","645","Food supply quantity (kg/capita/yr)","S2923","Spices","2021","2021","kg/cap","1.8","E","Estimated value",""
"FBS","Food Balances (2010-)","001","World","664","Food supply (kcal/capita/day)","S2923","Spices","2021","2021","kcal/cap/d","14","E","Estimated value",""
"FBS","Food Balances (2010-)","001","World","661","Food supply (kcal)","S2923","Spices","2021","2021","million Kcal","40386887.31","E","Estimated value",""
"FBS","Food Balances (2010-)","001","World","674","Protein supply quantity (g/capita/day)","S2923","Spices","2021","2021","g/cap/d","0.53","E","Estimated value",""
"FBS","Food Balances (2010-)","001","World","671","Protein supply quantity (t)","S2923","Spices","2021","2021","t","1514202.98","E","Estimated value",""
"FBS","Food Balances (2010-)","001","World","684","Fat supply quantity (g/capita/day)","S2923","Spices","2021","2021","g/cap/d","0.45","E","Estimated value",""
"FBS","Food Balances (2010-)","001","World","681","Fat supply quantity (t)","S2923","Spices","2021","2021","t","1292034.27","E","Estimated value",""
"FBS","Food Balances (2010-)","001","World","5511","Production","S2923","Spices","2022","2022","1000 t","17128","E","Estimated value",""
"FBS","Food Balances (2010-)","001","World","5611","Import quantity","S2923","Spices","2022","2022","1000 t","4065","E","Estimated value",""
"FBS","Food Balances (2010-)","001","World","5072","Stock Variation","S2923","Spices","2022","2022","1000 t","1625","E","Estimated value",""
"FBS","Food Balances (2010-)","001","World","5911","Export quantity","S2923","Spices","2022","2022","1000 t","4064","E","Estimated value",""
"FBS","Food Balances (2010-)","001","World","5301","Domestic supply quantity","S2923","Spices","2022","2022","1000 t","15504","E","Estimated value",""
"FBS","Food Balances (2010-)","001","World","5521","Feed","S2923","Spices","2022","2022","1000 t","0","E","Estimated value",""
"FBS","Food Balances (2010-)","001","World","5527","Seed","S2923","Spices","2022","2022","1000 t","0","E","Estimated value",""
"FBS","Food Balances (2010-)","001","World","5123","Losses","S2923","Spices","2022","2022","1000 t","917","E","Estimated value",""
"FBS","Food Balances (2010-)","001","World","5154","Other uses (non-food)","S2923","Spices","2022","2022","1000 t","320","E","Estimated value",""
"FBS","Food Balances (2010-)","001","World","5171","Tourist consumption","S2923","Spices","2022","2022","1000 t","40","E","Estimated value",""
"FBS","Food Balances (2010-)","001","World","5170","Residuals","S2923","Spices","2022","2022","1000 t","-194","E","Estimated value",""
"FBS","Food Balances (2010-)","001","World","5142","Food","S2923","Spices","2022","2022","1000 t","14422","E","Estimated value",""
"FBS","Food Balances (2010-)","001","World","645","Food supply quantity (kg/capita/yr)","S2923","Spices","2022","2022","kg/cap","1.81","E","Estimated value",""
"FBS","Food Balances (2010-)","001","World","664","Food supply (kcal/capita/day)","S2923","Spices","2022","2022","kcal/cap/d","14","E","Estimated value",""
"FBS","Food Balances (2010-)","001","World","661","Food supply (kcal)","S2923","Spices","2022","2022","million Kcal","41086176.8","E","Estimated value",""
"FBS","Food Balances (2010-)","001","World","674","Protein supply quantity (g/capita/day)","S2923","Spices","2022","2022","g/cap/d","0.53","E","Estimated value",""
"FBS","Food Balances (2010-)","001","World","671","Protein supply quantity (t)","S2923","Spices","2022","2022","t","1541024.4","E","Estimated value",""
"FBS","Food Balances (2010-)","001","World","684","Fat supply quantity (g/capita/day)","S2923","Spices","2022","2022","g/cap/d","0.45","E","Estimated value",""
"FBS","Food Balances (2010-)","001","World","681","Fat supply quantity (t)","S2923","Spices","2022","2022","t","1312220.57","E","Estimated value",""
"FBS","Food Balances (2010-)","001","World","5511","Production","S2645","Spices, Other","2010","2010","1000 t","5298","E","Estimated value",""
"FBS","Food Balances (2010-)","001","World","5611","Import quantity","S2645","Spices, Other","2010","2010","1000 t","1213","E","Estimated value",""
"FBS","Food Balances (2010-)","001","World","5072","Stock Variation","S2645","Spices, Other","2010","2010","1000 t","-380","E","Estimated value",""
"FBS","Food Balances (2010-)","001","World","5911","Export quantity","S2645","Spices, Other","2010","2010","1000 t","1291","E","Estimated value",""
"FBS","Food Balances (2010-)","001","World","5301","Domestic supply quantity","S2645","Spices, Other","2010","2010","1000 t","5599","E","Estimated value",""
"FBS","Food Balances (2010-)","001","World","5527","Seed","S2645","Spices, Other","2010","2010","1000 t","0","E","Estimated value",""
"FBS","Food Balances (2010-)","001","World","5123","Losses","S2645","Spices, Other","2010","2010","1000 t","293","E","Estimated value",""
"FBS","Food Balances (2010-)","001","World","5154","Other uses (non-food)","S2645","Spices, Other","2010","2010","1000 t","110","E","Estimated value",""
"FBS","Food Balances (2010-)","001","World","5171","Tourist consumption","S2645","Spices, Other","2010","2010","1000 t","37","E","Estimated value",""
"FBS","Food Balances (2010-)","001","World","5170","Residuals","S2645","Spices, Other","2010","2010","1000 t","-41","E","Estimated value",""
"FBS","Food Balances (2010-)","001","World","5142","Food","S2645","Spices, Other","2010","2010","1000 t","5201","E","Estimated value",""
"FBS","Food Balances (2010-)","001","World","645","Food supply quantity (kg/capita/yr)","S2645","Spices, Other","2010","2010","kg/cap","0.75","E","Estimated value",""
"FBS","Food Balances (2010-)","001","World","664","Food supply (kcal/capita/day)","S2645","Spices, Other","2010","2010","kcal/cap/d","5.53","E","Estimated value",""
"FBS","Food Balances (2010-)","001","World","661","Food supply (kcal)","S2645","Spices, Other","2010","2010","million Kcal","13945311.75","E","Estimated value",""
"FBS","Food Balances (2010-)","001","World","674","Protein supply quantity (g/capita/day)","S2645","Spices, Other","2010","2010","g/cap/d","0.19","E","Estimated value",""
"FBS","Food Balances (2010-)","001","World","671","Protein supply quantity (t)","S2645","Spices, Other","2010","2010","t","490079.58","E","Estimated value",""
"FBS","Food Balances (2010-)","001","World","684","Fat supply quantity (g/capita/day)","S2645","Spices, Other","2010","2010","g/cap/d","0.16","E","Estimated value",""
"FBS","Food Balances (2010-)","001","World","681","Fat supply quantity (t)","S2645","Spices, Other","2010","2010","t","401944.63","E","Estimated value",""
"FBS","Food Balances (2010-)","001","World","5511","Production","S2645","Spices, Other","2011","2011","1000 t","6428","E","Estimated value",""
"FBS","Food Balances (2010-)","001","World","5611","Import quantity","S2645","Spices, Other","2011","2011","1000 t","1394","E","Estimated value",""
"FBS","Food Balances (2010-)","001","World","5072","Stock Variation","S2645","Spices, Other","2011","2011","1000 t","82","E","Estimated value",""
"FBS","Food Balances (2010-)","001","World","5911","Export quantity","S2645","Spices, Other","2011","2011","1000 t","1460","E","Estimated value",""
"FBS","Food Balances (2010-)","001","World","5301","Domestic supply quantity","S2645","Spices, Other","2011","2011","1000 t","6280","E","Estimated value",""
"FBS","Food Balances (2010-)","001","World","5527","Seed","S2645","Spices, Other","2011","2011","1000 t","0","E","Estimated value",""
"FBS","Food Balances (2010-)","001","World","5123","Losses","S2645","Spices, Other","2011","2011","1000 t","347","E","Estimated value",""
"FBS","Food Balances (2010-)","001","World","5154","Other uses (non-food)","S2645","Spices, Other","2011","2011","1000 t","125","E","Estimated value",""
"FBS","Food Balances (2010-)","001","World","5171","Tourist consumption","S2645","Spices, Other","2011","2011","1000 t","54","E","Estimated value",""
"FBS","Food Balances (2010-)","001","World","5170","Residuals","S2645","Spices, Other","2011","2011","1000 t","-26","E","Estimated value",""
"FBS","Food Balances (2010-)","001","World","5142","Food","S2645","Spices, Other","2011","2011","1000 t","5780","E","Estimated value",""
"FBS","Food Balances (2010-)","001","World","645","Food supply quantity (kg/capita/yr)","S2645","Spices, Other","2011","2011","kg/cap","0.83","E","Estimated value",""
"FBS","Food Balances (2010-)","001","World","664","Food supply (kcal/capita/day)","S2645","Spices, Other","2011","2011","kcal/cap/d","5.95","E","Estimated value",""
"FBS","Food Balances (2010-)","001","World","661","Food supply (kcal)","S2645","Spices, Other","2011","2011","million Kcal","15198438.5","E","Estimated value",""
"FBS","Food Balances (2010-)","001","World","674","Protein supply quantity (g/capita/day)","S2645","Spices, Other","2011","2011","g/cap/d","0.21","E","Estimated value",""
"FBS","Food Balances (2010-)","001","World","671","Protein supply quantity (t)","S2645","Spices, Other","2011","2011","t","529260.12","E","Estimated value",""
"FBS","Food Balances (2010-)","001","World","684","Fat supply quantity (g/capita/day)","S2645","Spices, Other","2011","2011","g/cap/d","0.17","E","Estimated value",""
"FBS","Food Balances (2010-)","001","World","681","Fat supply quantity (t)","S2645","Spices, Other","2011","2011","t","427533.69","E","Estimated value",""
"FBS","Food Balances (2010-)","001","World","5511","Production","S2645","Spices, Other","2012","2012","1000 t","6341","E","Estimated value",""
"FBS","Food Balances (2010-)","001","World","5611","Import quantity","S2645","Spices, Other","2012","2012","1000 t","1521","E","Estimated value",""
"FBS","Food Balances (2010-)","001","World","5072","Stock Variation","S2645","Spices, Other","2012","2012","1000 t","129","E","Estimated value",""
"FBS","Food Balances (2010-)","001","World","5911","Export quantity","S2645","Spices, Other","2012","2012","1000 t","1616","E","Estimated value",""
"FBS","Food Balances (2010-)","001","World","5301","Domestic supply quantity","S2645","Spices, Other","2012","2012","1000 t","6116","E","Estimated value",""
"FBS","Food Balances (2010-)","001","World","5527","Seed","S2645","Spices, Other","2012","2012","1000 t","0","E","Estimated value",""
"FBS","Food Balances (2010-)","001","World","5123","Losses","S2645","Spices, Other","2012","2012","1000 t","358","E","Estimated value",""
"FBS","Food Balances (2010-)","001","World","5154","Other uses (non-food)","S2645","Spices, Other","2012","2012","1000 t","131","E","Estimated value",""
"FBS","Food Balances (2010-)","001","World","5171","Tourist consumption","S2645","Spices, Other","2012","2012","1000 t","51","E","Estimated value",""
"FBS","Food Balances (2010-)","001","World","5170","Residuals","S2645","Spices, Other","2012","2012","1000 t","-42","E","Estimated value",""
"FBS","Food Balances (2010-)","001","World","5142","Food","S2645","Spices, Other","2012","2012","1000 t","5618","E","Estimated value",""
"FBS","Food Balances (2010-)","001","World","645","Food supply quantity (kg/capita/yr)","S2645","Spices, Other","2012","2012","kg/cap","0.79","E","Estimated value",""
"FBS","Food Balances (2010-)","001","World","664","Food supply (kcal/capita/day)","S2645","Spices, Other","2012","2012","kcal/cap/d","5.67","E","Estimated value",""
"FBS","Food Balances (2010-)","001","World","661","Food supply (kcal)","S2645","Spices, Other","2012","2012","million Kcal","14738917.8","E","Estimated value",""
"FBS","Food Balances (2010-)","001","World","674","Protein supply quantity (g/capita/day)","S2645","Spices, Other","2012","2012","g/cap/d","0.2","E","Estimated value",""
"FBS","Food Balances (2010-)","001","World","671","Protein supply quantity (t)","S2645","Spices, Other","2012","2012","t","512212.97","E","Estimated value",""
"FBS","Food Balances (2010-)","001","World","684","Fat supply quantity (g/capita/day)","S2645","Spices, Other","2012","2012","g/cap/d","0.16","E","Estimated value",""
"FBS","Food Balances (2010-)","001","World","681","Fat supply quantity (t)","S2645","Spices, Other","2012","2012","t","418442.6","E","Estimated value",""
"FBS","Food Balances (2010-)","001","World","5511","Production","S2645","Spices, Other","2013","2013","1000 t","6479","E","Estimated value",""
"FBS","Food Balances (2010-)","001","World","5611","Import quantity","S2645","Spices, Other","2013","2013","1000 t","1582","E","Estimated value",""
"FBS","Food Balances (2010-)","001","World","5072","Stock Variation","S2645","Spices, Other","2013","2013","1000 t","-53","E","Estimated value",""
"FBS","Food Balances (2010-)","001","World","5911","Export quantity","S2645","Spices, Other","2013","2013","1000 t","1704","E","Estimated value",""
"FBS","Food Balances (2010-)","001","World","5301","Domestic supply quantity","S2645","Spices, Other","2013","2013","1000 t","6410","E","Estimated value",""
"FBS","Food Balances (2010-)","001","World","5527","Seed","S2645","Spices, Other","2013","2013","1000 t","0","E","Estimated value",""
"FBS","Food Balances (2010-)","001","World","5123","Losses","S2645","Spices, Other","2013","2013","1000 t","371","E","Estimated value",""
"FBS","Food Balances (2010-)","001","World","5154","Other uses (non-food)","S2645","Spices, Other","2013","2013","1000 t","131","E","Estimated value",""
"FBS","Food Balances (2010-)","001","World","5171","Tourist consumption","S2645","Spices, Other","2013","2013","1000 t","50","E","Estimated value",""
"FBS","Food Balances (2010-)","001","World","5170","Residuals","S2645","Spices, Other","2013","2013","1000 t","-67","E","Estimated value",""
"FBS","Food Balances (2010-)","001","World","5142","Food","S2645","Spices, Other","2013","2013","1000 t","5925","E","Estimated value",""
"FBS","Food Balances (2010-)","001","World","645","Food supply quantity (kg/capita/yr)","S2645","Spices, Other","2013","2013","kg/cap","0.82","E","Estimated value",""
"FBS","Food Balances (2010-)","001","World","664","Food supply (kcal/capita/day)","S2645","Spices, Other","2013","2013","kcal/cap/d","5.92","E","Estimated value",""
"FBS","Food Balances (2010-)","001","World","661","Food supply (kcal)","S2645","Spices, Other","2013","2013","million Kcal","15566523.02","E","Estimated value",""
"FBS","Food Balances (2010-)","001","World","674","Protein supply quantity (g/capita/day)","S2645","Spices, Other","2013","2013","g/cap/d","0.21","E","Estimated value",""
"FBS","Food Balances (2010-)","001","World","671","Protein supply quantity (t)","S2645","Spices, Other","2013","2013","t","541732.61","E","Estimated value",""
"FBS","Food Balances (2010-)","001","World","684","Fat supply quantity (g/capita/day)","S2645","Spices, Other","2013","2013","g/cap/d","0.17","E","Estimated value",""
"FBS","Food Balances (2010-)","001","World","681","Fat supply quantity (t)","S2645","Spices, Other","2013","2013","t","441697.9","E","Estimated value",""
"FBS","Food Balances (2010-)","001","World","5511","Production","S2645","Spices, Other","2014","2014","1000 t","6424","E","Estimated value",""
"FBS","Food Balances (2010-)","001","World","5611","Import quantity","S2645","Spices, Other","2014","2014","1000 t","1571","E","Estimated value",""
"FBS","Food Balances (2010-)","001","World","5072","Stock Variation","S2645","Spices, Other","2014","2014","1000 t","456","E","Estimated value",""
"FBS","Food Balances (2010-)","001","World","5911","Export quantity","S2645","Spices, Other","2014","2014","1000 t","1672","E","Estimated value",""
"FBS","Food Balances (2010-)","001","World","5301","Domestic supply quantity","S2645","Spices, Other","2014","2014","1000 t","5867","E","Estimated value",""
"FBS","Food Balances (2010-)","001","World","5527","Seed","S2645","Spices, Other","2014","2014","1000 t","0","E","Estimated value",""
"FBS","Food Balances (2010-)","001","World","5123","Losses","S2645","Spices, Other","2014","2014","1000 t","364","E","Estimated value",""
"FBS","Food Balances (2010-)","001","World","5154","Other uses (non-food)","S2645","Spices, Other","2014","2014","1000 t","162","E","Estimated value",""
"FBS","Food Balances (2010-)","001","World","5171","Tourist consumption","S2645","Spices, Other","2014","2014","1000 t","43","E","Estimated value",""
"FBS","Food Balances (2010-)","001","World","5170","Residuals","S2645","Spices, Other","2014","2014","1000 t","-61","E","Estimated value",""
"FBS","Food Balances (2010-)","001","World","5142","Food","S2645","Spices, Other","2014","2014","1000 t","5358","E","Estimated value",""
"FBS","Food Balances (2010-)","001","World","645","Food supply quantity (kg/capita/yr)","S2645","Spices, Other","2014","2014","kg/cap","0.73","E","Estimated value",""
"FBS","Food Balances (2010-)","001","World","664","Food supply (kcal/capita/day)","S2645","Spices, Other","2014","2014","kcal/cap/d","5.38","E","Estimated value",""
"FBS","Food Balances (2010-)","001","World","661","Food supply (kcal)","S2645","Spices, Other","2014","2014","million Kcal","14331432.24","E","Estimated value",""
"FBS","Food Balances (2010-)","001","World","674","Protein supply quantity (g/capita/day)","S2645","Spices, Other","2014","2014","g/cap/d","0.19","E","Estimated value",""
"FBS","Food Balances (2010-)","001","World","671","Protein supply quantity (t)","S2645","Spices, Other","2014","2014","t","500869.56","E","Estimated value",""
"FBS","Food Balances (2010-)","001","World","684","Fat supply quantity (g/capita/day)","S2645","Spices, Other","2014","2014","g/cap/d","0.15","E","Estimated value",""
"FBS","Food Balances (2010-)","001","World","681","Fat supply quantity (t)","S2645","Spices, Other","2014","2014","t","399964.72","E","Estimated value",""
"FBS","Food Balances (2010-)","001","World","5511","Production","S2645","Spices, Other","2015","2015","1000 t","6703","E","Estimated value",""
"FBS","Food Balances (2010-)","001","World","5611","Import quantity","S2645","Spices, Other","2015","2015","1000 t","1772","E","Estimated value",""
"FBS","Food Balances (2010-)","001","World","5072","Stock Variation","S2645","Spices, Other","2015","2015","1000 t","885","E","Estimated value",""
"FBS","Food Balances (2010-)","001","World","5911","Export quantity","S2645","Spices, Other","2015","2015","1000 t","1827","E","Estimated value",""
"FBS","Food Balances (2010-)","001","World","5301","Domestic supply quantity","S2645","Spices, Other","2015","2015","1000 t","5763","E","Estimated value",""
"FBS","Food Balances (2010-)","001","World","5527","Seed","S2645","Spices, Other","2015","2015","1000 t","0","E","Estimated value",""
"FBS","Food Balances (2010-)","001","World","5123","Losses","S2645","Spices, Other","2015","2015","1000 t","400","E","Estimated value",""
"FBS","Food Balances (2010-)","001","World","5154","Other uses (non-food)","S2645","Spices, Other","2015","2015","1000 t","139","E","Estimated value",""
"FBS","Food Balances (2010-)","001","World","5171","Tourist consumption","S2645","Spices, Other","2015","2015","1000 t","44","E","Estimated value",""
"FBS","Food Balances (2010-)","001","World","5170","Residuals","S2645","Spices, Other","2015","2015","1000 t","-90","E","Estimated value",""
"FBS","Food Balances (2010-)","001","World","5142","Food","S2645","Spices, Other","2015","2015","1000 t","5269","E","Estimated value",""
"FBS","Food Balances (2010-)","001","World","645","Food supply quantity (kg/capita/yr)","S2645","Spices, Other","2015","2015","kg/cap","0.71","E","Estimated value",""
"FBS","Food Balances (2010-)","001","World","664","Food supply (kcal/capita/day)","S2645","Spices, Other","2015","2015","kcal/cap/d","5.12","E","Estimated value",""
"FBS","Food Balances (2010-)","001","World","661","Food supply (kcal)","S2645","Spices, Other","2015","2015","million Kcal","13811294.31","E","Estimated value",""
"FBS","Food Balances (2010-)","001","World","674","Protein supply quantity (g/capita/day)","S2645","Spices, Other","2015","2015","g/cap/d","0.18","E","Estimated value",""
"FBS","Food Balances (2010-)","001","World","671","Protein supply quantity (t)","S2645","Spices, Other","2015","2015","t","478515.38","E","Estimated value",""
"FBS","Food Balances (2010-)","001","World","684","Fat supply quantity (g/capita/day)","S2645","Spices, Other","2015","2015","g/cap/d","0.14","E","Estimated value",""
"FBS","Food Balances (2010-)","001","World","681","Fat supply quantity (t)","S2645","Spices, Other","2015","2015","t","383842.99","E","Estimated value",""
"FBS","Food Balances (2010-)","001","World","5511","Production","S2645","Spices, Other","2016","2016","1000 t","7994","E","Estimated value",""
"FBS","Food Balances (2010-)","001","World","5611","Import quantity","S2645","Spices, Other","2016","2016","1000 t","1927","E","Estimated value",""
"FBS","Food Balances (2010-)","001","World","5072","Stock Variation","S2645","Spices, Other","2016","2016","1000 t","1429","E","Estimated value",""
"FBS","Food Balances (2010-)","001","World","5911","Export quantity","S2645","Spices, Other","2016","2016","1000 t","1995","E","Estimated value",""
"FBS","Food Balances (2010-)","001","World","5301","Domestic supply quantity","S2645","Spices, Other","2016","2016","1000 t","6497","E","Estimated value",""
"FBS","Food Balances (2010-)","001","World","5527","Seed","S2645","Spices, Other","2016","2016","1000 t","0","E","Estimated value",""
"FBS","Food Balances (2010-)","001","World","5123","Losses","S2645","Spices, Other","2016","2016","1000 t","482","E","Estimated value",""
"FBS","Food Balances (2010-)","001","World","5154","Other uses (non-food)","S2645","Spices, Other","2016","2016","1000 t","182","E","Estimated value",""
"FBS","Food Balances (2010-)","001","World","5171","Tourist consumption","S2645","Spices, Other","2016","2016","1000 t","48","E","Estimated value",""
"FBS","Food Balances (2010-)","001","World","5170","Residuals","S2645","Spices, Other","2016","2016","1000 t","-77","E","Estimated value",""
"FBS","Food Balances (2010-)","001","World","5142","Food","S2645","Spices, Other","2016","2016","1000 t","5863","E","Estimated value",""
"FBS","Food Balances (2010-)","001","World","645","Food supply quantity (kg/capita/yr)","S2645","Spices, Other","2016","2016","kg/cap","0.78","E","Estimated value",""
"FBS","Food Balances (2010-)","001","World","664","Food supply (kcal/capita/day)","S2645","Spices, Other","2016","2016","kcal/cap/d","5.63","E","Estimated value",""
"FBS","Food Balances (2010-)","001","World","661","Food supply (kcal)","S2645","Spices, Other","2016","2016","million Kcal","15352722.53","E","Estimated value",""
"FBS","Food Balances (2010-)","001","World","674","Protein supply quantity (g/capita/day)","S2645","Spices, Other","2016","2016","g/cap/d","0.19","E","Estimated value",""
"FBS","Food Balances (2010-)","001","World","671","Protein supply quantity (t)","S2645","Spices, Other","2016","2016","t","531666.58","E","Estimated value",""
"FBS","Food Balances (2010-)","001","World","684","Fat supply quantity (g/capita/day)","S2645","Spices, Other","2016","2016","g/cap/d","0.16","E","Estimated value",""
"FBS","Food Balances (2010-)","001","World","681","Fat supply quantity (t)","S2645","Spices, Other","2016","2016","t","424712.41","E","Estimated value",""
"FBS","Food Balances (2010-)","001","World","5511","Production","S2645","Spices, Other","2017","2017","1000 t","8988","E","Estimated value",""
"FBS","Food Balances (2010-)","001","World","5611","Import quantity","S2645","Spices, Other","2017","2017","1000 t","1907","E","Estimated value",""
"FBS","Food Balances (2010-)","001","World","5072","Stock Variation","S2645","Spices, Other","2017","2017","1000 t","1880","E","Estimated value",""
"FBS","Food Balances (2010-)","001","World","5911","Export quantity","S2645","Spices, Other","2017","2017","1000 t","2038","E","Estimated value",""
"FBS","Food Balances (2010-)","001","World","5301","Domestic supply quantity","S2645","Spices, Other","2017","2017","1000 t","6977","E","Estimated value",""
"FBS","Food Balances (2010-)","001","World","5527","Seed","S2645","Spices, Other","2017","2017","1000 t","0","E","Estimated value",""
"FBS","Food Balances (2010-)","001","World","5123","Losses","S2645","Spices, Other","2017","2017","1000 t","501","E","Estimated value",""
"FBS","Food Balances (2010-)","001","World","5154","Other uses (non-food)","S2645","Spices, Other","2017","2017","1000 t","191","E","Estimated value",""
"FBS","Food Balances (2010-)","001","World","5171","Tourist consumption","S2645","Spices, Other","2017","2017","1000 t","55","E","Estimated value",""
"FBS","Food Balances (2010-)","001","World","5170","Residuals","S2645","Spices, Other","2017","2017","1000 t","-83","E","Estimated value",""
"FBS","Food Balances (2010-)","001","World","5142","Food","S2645","Spices, Other","2017","2017","1000 t","6313","E","Estimated value",""
"FBS","Food Balances (2010-)","001","World","645","Food supply quantity (kg/capita/yr)","S2645","Spices, Other","2017","2017","kg/cap","0.84","E","Estimated value",""
"FBS","Food Balances (2010-)","001","World","664","Food supply (kcal/capita/day)","S2645","Spices, Other","2017","2017","kcal/cap/d","6.16","E","Estimated value",""
"FBS","Food Balances (2010-)","001","World","661","Food supply (kcal)","S2645","Spices, Other","2017","2017","million Kcal","16993252.72","E","Estimated value",""
"FBS","Food Balances (2010-)","001","World","674","Protein supply quantity (g/capita/day)","S2645","Spices, Other","2017","2017","g/cap/d","0.22","E","Estimated value",""
"FBS","Food Balances (2010-)","001","World","671","Protein supply quantity (t)","S2645","Spices, Other","2017","2017","t","600817.71","E","Estimated value",""
"FBS","Food Balances (2010-)","001","World","684","Fat supply quantity (g/capita/day)","S2645","Spices, Other","2017","2017","g/cap/d","0.18","E","Estimated value",""
"FBS","Food Balances (2010-)","001","World","681","Fat supply quantity (t)","S2645","Spices, Other","2017","2017","t","497981.55","E","Estimated value",""
"FBS","Food Balances (2010-)","001","World","5511","Production","S2645","Spices, Other","2018","2018","1000 t","9421","E","Estimated value",""
"FBS","Food Balances (2010-)","001","World","5611","Import quantity","S2645","Spices, Other","2018","2018","1000 t","1971","E","Estimated value",""
"FBS","Food Balances (2010-)","001","World","5072","Stock Variation","S2645","Spices, Other","2018","2018","1000 t","1908","E","Estimated value",""
"FBS","Food Balances (2010-)","001","World","5911","Export quantity","S2645","Spices, Other","2018","2018","1000 t","2120","E","Estimated value",""
"FBS","Food Balances (2010-)","001","World","5301","Domestic supply quantity","S2645","Spices, Other","2018","2018","1000 t","7363","E","Estimated value",""
"FBS","Food Balances (2010-)","001","World","5527","Seed","S2645","Spices, Other","2018","2018","1000 t","0","E","Estimated value",""
"FBS","Food Balances (2010-)","001","World","5123","Losses","S2645","Spices, Other","2018","2018","1000 t","525","E","Estimated value",""
"FBS","Food Balances (2010-)","001","World","5154","Other uses (non-food)","S2645","Spices, Other","2018","2018","1000 t","204","E","Estimated value",""
"FBS","Food Balances (2010-)","001","World","5171","Tourist consumption","S2645","Spices, Other","2018","2018","1000 t","35","E","Estimated value",""
"FBS","Food Balances (2010-)","001","World","5170","Residuals","S2645","Spices, Other","2018","2018","1000 t","-124","E","Estimated value",""
"FBS","Food Balances (2010-)","001","World","5142","Food","S2645","Spices, Other","2018","2018","1000 t","6724","E","Estimated value",""
"FBS","Food Balances (2010-)","001","World","645","Food supply quantity (kg/capita/yr)","S2645","Spices, Other","2018","2018","kg/cap","0.88","E","Estimated value",""
"FBS","Food Balances (2010-)","001","World","664","Food supply (kcal/capita/day)","S2645","Spices, Other","2018","2018","kcal/cap/d","6.26","E","Estimated value",""
"FBS","Food Balances (2010-)","001","World","661","Food supply (kcal)","S2645","Spices, Other","2018","2018","million Kcal","17466922","E","Estimated value",""
"FBS","Food Balances (2010-)","001","World","674","Protein supply quantity (g/capita/day)","S2645","Spices, Other","2018","2018","g/cap/d","0.22","E","Estimated value",""
"FBS","Food Balances (2010-)","001","World","671","Protein supply quantity (t)","S2645","Spices, Other","2018","2018","t","605573.99","E","Estimated value",""
"FBS","Food Balances (2010-)","001","World","684","Fat supply quantity (g/capita/day)","S2645","Spices, Other","2018","2018","g/cap/d","0.18","E","Estimated value",""
"FBS","Food Balances (2010-)","001","World","681","Fat supply quantity (t)","S2645","Spices, Other","2018","2018","t","497571.61","E","Estimated value",""
"FBS","Food Balances (2010-)","001","World","5511","Production","S2645","Spices, Other","2019","2019","1000 t","9336","E","Estimated value",""
"FBS","Food Balances (2010-)","001","World","5611","Import quantity","S2645","Spices, Other","2019","2019","1000 t","2233","E","Estimated value",""
"FBS","Food Balances (2010-)","001","World","5072","Stock Variation","S2645","Spices, Other","2019","2019","1000 t","738","E","Estimated value",""
"FBS","Food Balances (2010-)","001","World","5911","Export quantity","S2645","Spices, Other","2019","2019","1000 t","2305","E","Estimated value",""
"FBS","Food Balances (2010-)","001","World","5301","Domestic supply quantity","S2645","Spices, Other","2019","2019","1000 t","8526","E","Estimated value",""
"FBS","Food Balances (2010-)","001","World","5527","Seed","S2645","Spices, Other","2019","2019","1000 t","0","E","Estimated value",""
"FBS","Food Balances (2010-)","001","World","5123","Losses","S2645","Spices, Other","2019","2019","1000 t","528","E","Estimated value",""
"FBS","Food Balances (2010-)","001","World","5154","Other uses (non-food)","S2645","Spices, Other","2019","2019","1000 t","201","E","Estimated value",""
"FBS","Food Balances (2010-)","001","World","5171","Tourist consumption","S2645","Spices, Other","2019","2019","1000 t","34","E","Estimated value",""
"FBS","Food Balances (2010-)","001","World","5170","Residuals","S2645","Spices, Other","2019","2019","1000 t","-124","E","Estimated value",""
"FBS","Food Balances (2010-)","001","World","5142","Food","S2645","Spices, Other","2019","2019","1000 t","7887","E","Estimated value",""
"FBS","Food Balances (2010-)","001","World","645","Food supply quantity (kg/capita/yr)","S2645","Spices, Other","2019","2019","kg/cap","1.02","E","Estimated value",""
"FBS","Food Balances (2010-)","001","World","664","Food supply (kcal/capita/day)","S2645","Spices, Other","2019","2019","kcal/cap/d","7.34","E","Estimated value",""
"FBS","Food Balances (2010-)","001","World","661","Food supply (kcal)","S2645","Spices, Other","2019","2019","million Kcal","20716923.43","E","Estimated value",""
"FBS","Food Balances (2010-)","001","World","674","Protein supply quantity (g/capita/day)","S2645","Spices, Other","2019","2019","g/cap/d","0.26","E","Estimated value",""
"FBS","Food Balances (2010-)","001","World","671","Protein supply quantity (t)","S2645","Spices, Other","2019","2019","t","727563.37","E","Estimated value",""
"FBS","Food Balances (2010-)","001","World","684","Fat supply quantity (g/capita/day)","S2645","Spices, Other","2019","2019","g/cap/d","0.22","E","Estimated value",""
"FBS","Food Balances (2010-)","001","World","681","Fat supply quantity (t)","S2645","Spices, Other","2019","2019","t","619825.88","E","Estimated value",""
"FBS","Food Balances (2010-)","001","World","5511","Production","S2645","Spices, Other","2020","2020","1000 t","10456","E","Estimated value",""
"FBS","Food Balances (2010-)","001","World","5611","Import quantity","S2645","Spices, Other","2020","2020","1000 t","2628","E","Estimated value",""
"FBS","Food Balances (2010-)","001","World","5072","Stock Variation","S2645","Spices, Other","2020","2020","1000 t","1324","E","Estimated value",""
"FBS","Food Balances (2010-)","001","World","5911","Export quantity","S2645","Spices, Other","2020","2020","1000 t","2776","E","Estimated value",""
"FBS","Food Balances (2010-)","001","World","5301","Domestic supply quantity","S2645","Spices, Other","2020","2020","1000 t","8985","E","Estimated value",""
"FBS","Food Balances (2010-)","001","World","5527","Seed","S2645","Spices, Other","2020","2020","1000 t","0","E","Estimated value",""
"FBS","Food Balances (2010-)","001","World","5123","Losses","S2645","Spices, Other","2020","2020","1000 t","573","E","Estimated value",""
"FBS","Food Balances (2010-)","001","World","5154","Other uses (non-food)","S2645","Spices, Other","2020","2020","1000 t","199","E","Estimated value",""
"FBS","Food Balances (2010-)","001","World","5171","Tourist consumption","S2645","Spices, Other","2020","2020","1000 t","0","E","Estimated value",""
"FBS","Food Balances (2010-)","001","World","5170","Residuals","S2645","Spices, Other","2020","2020","1000 t","-213","E","Estimated value",""
"FBS","Food Balances (2010-)","001","World","5142","Food","S2645","Spices, Other","2020","2020","1000 t","8426","E","Estimated value",""
"FBS","Food Balances (2010-)","001","World","645","Food supply quantity (kg/capita/yr)","S2645","Spices, Other","2020","2020","kg/cap","1.08","E","Estimated value",""
"FBS","Food Balances (2010-)","001","World","664","Food supply (kcal/capita/day)","S2645","Spices, Other","2020","2020","kcal/cap/d","7.78","E","Estimated value",""
"FBS","Food Balances (2010-)","001","World","661","Food supply (kcal)","S2645","Spices, Other","2020","2020","million Kcal","22201731.22","E","Estimated value",""
"FBS","Food Balances (2010-)","001","World","674","Protein supply quantity (g/capita/day)","S2645","Spices, Other","2020","2020","g/cap/d","0.27","E","Estimated value",""
"FBS","Food Balances (2010-)","001","World","671","Protein supply quantity (t)","S2645","Spices, Other","2020","2020","t","782760","E","Estimated value",""
"FBS","Food Balances (2010-)","001","World","684","Fat supply quantity (g/capita/day)","S2645","Spices, Other","2020","2020","g/cap/d","0.23","E","Estimated value",""
"FBS","Food Balances (2010-)","001","World","681","Fat supply quantity (t)","S2645","Spices, Other","2020","2020","t","667920.89","E","Estimated value",""
"FBS","Food Balances (2010-)","001","World","5511","Production","S2645","Spices, Other","2021","2021","1000 t","11190","E","Estimated value",""
"FBS","Food Balances (2010-)","001","World","5611","Import quantity","S2645","Spices, Other","2021","2021","1000 t","2654","E","Estimated value",""
"FBS","Food Balances (2010-)","001","World","5072","Stock Variation","S2645","Spices, Other","2021","2021","1000 t","1110","E","Estimated value",""
"FBS","Food Balances (2010-)","001","World","5911","Export quantity","S2645","Spices, Other","2021","2021","1000 t","2765","E","Estimated value",""
"FBS","Food Balances (2010-)","001","World","5301","Domestic supply quantity","S2645","Spices, Other","2021","2021","1000 t","9969","E","Estimated value",""
"FBS","Food Balances (2010-)","001","World","5527","Seed","S2645","Spices, Other","2021","2021","1000 t","0","E","Estimated value",""
"FBS","Food Balances (2010-)","001","World","5123","Losses","S2645","Spices, Other","2021","2021","1000 t","623","E","Estimated value",""
"FBS","Food Balances (2010-)","001","World","5154","Other uses (non-food)","S2645","Spices, Other","2021","2021","1000 t","189","E","Estimated value",""
"FBS","Food Balances (2010-)","001","World","5171","Tourist consumption","S2645","Spices, Other","2021","2021","1000 t","0","E","Estimated value",""
"FBS","Food Balances (2010-)","001","World","5170","Residuals","S2645","Spices, Other","2021","2021","1000 t","-161","E","Estimated value",""
"FBS","Food Balances (2010-)","001","World","5142","Food","S2645","Spices, Other","2021","2021","1000 t","9318","E","Estimated value",""
"FBS","Food Balances (2010-)","001","World","645","Food supply quantity (kg/capita/yr)","S2645","Spices, Other","2021","2021","kg/cap","1.18","E","Estimated value",""
"FBS","Food Balances (2010-)","001","World","664","Food supply (kcal/capita/day)","S2645","Spices, Other","2021","2021","kcal/cap/d","8.67","E","Estimated value",""
"FBS","Food Balances (2010-)","001","World","661","Food supply (kcal)","S2645","Spices, Other","2021","2021","million Kcal","24953559.74","E","Estimated value",""
"FBS","Food Balances (2010-)","001","World","674","Protein supply quantity (g/capita/day)","S2645","Spices, Other","2021","2021","g/cap/d","0.31","E","Estimated value",""
"FBS","Food Balances (2010-)","001","World","671","Protein supply quantity (t)","S2645","Spices, Other","2021","2021","t","892460.14","E","Estimated value",""
"FBS","Food Balances (2010-)","001","World","684","Fat supply quantity (g/capita/day)","S2645","Spices, Other","2021","2021","g/cap/d","0.27","E","Estimated value",""
"FBS","Food Balances (2010-)","001","World","681","Fat supply quantity (t)","S2645","Spices, Other","2021","2021","t","782767.49","E","Estimated value",""
"FBS","Food Balances (2010-)","001","World","5511","Production","S2645","Spices, Other","2022","2022","1000 t","11215","E","Estimated value",""
"FBS","Food Balances (2010-)","001","World","5611","Import quantity","S2645","Spices, Other","2022","2022","1000 t","2513","E","Estimated value",""
"FBS","Food Balances (2010-)","001","World","5072","Stock Variation","S2645","Spices, Other","2022","2022","1000 t","1280","E","Estimated value",""
"FBS","Food Balances (2010-)","001","World","5911","Export quantity","S2645","Spices, Other","2022","2022","1000 t","2533","E","Estimated value",""
"FBS","Food Balances (2010-)","001","World","5301","Domestic supply quantity","S2645","Spices, Other","2022","2022","1000 t","9915","E","Estimated value",""
"FBS","Food Balances (2010-)","001","World","5527","Seed","S2645","Spices, Other","2022","2022","1000 t","0","E","Estimated value",""
"FBS","Food Balances (2010-)","001","World","5123","Losses","S2645","Spices, Other","2022","2022","1000 t","628","E","Estimated value",""
"FBS","Food Balances (2010-)","001","World","5154","Other uses (non-food)","S2645","Spices, Other","2022","2022","1000 t","193","E","Estimated value",""
"FBS","Food Balances (2010-)","001","World","5171","Tourist consumption","S2645","Spices, Other","2022","2022","1000 t","37","E","Estimated value",""
"FBS","Food Balances (2010-)","001","World","5170","Residuals","S2645","Spices, Other","2022","2022","1000 t","-137","E","Estimated value",""
"FBS","Food Balances (2010-)","001","World","5142","Food","S2645","Spices, Other","2022","2022","1000 t","9193","E","Estimated value",""
"FBS","Food Balances (2010-)","001","World","645","Food supply quantity (kg/capita/yr)","S2645","Spices, Other","2022","2022","kg/cap","1.16","E","Estimated value",""
"FBS","Food Balances (2010-)","001","World","664","Food supply (kcal/capita/day)","S2645","Spices, Other","2022","2022","kcal/cap/d","8.46","E","Estimated value",""
"FBS","Food Balances (2010-)","001","World","661","Food supply (kcal)","S2645","Spices, Other","2022","2022","million Kcal","24544630.47","E","Estimated value",""
"FBS","Food Balances (2010-)","001","World","674","Protein supply quantity (g/capita/day)","S2645","Spices, Other","2022","2022","g/cap/d","0.3","E","Estimated value",""
"FBS","Food Balances (2010-)","001","World","671","Protein supply quantity (t)","S2645","Spices, Other","2022","2022","t","873789.86","E","Estimated value",""
"FBS","Food Balances (2010-)","001","World","684","Fat supply quantity (g/capita/day)","S2645","Spices, Other","2022","2022","g/cap/d","0.26","E","Estimated value",""
"FBS","Food Balances (2010-)","001","World","681","Fat supply quantity (t)","S2645","Spices, Other","2022","2022","t","763780.17","E","Estimated value",""
